season,player,pfr_player_id
2021,Alex Taylor-Prioleau,TaylAl02
2021,Cody White,WhitCo05
2021,Isaiah Williams,WillIs02
2021,Marcus Henry,HenrMa02
2021,Steven Parker,ParkSt00
2022,Alex Taylor-Prioleau,TaylAl02
2022,Bill Murray,MurrBi00
2022,Cody White,WhitCo05
2022,Darryl Williams,WillDa14
2022,T.J. Carter,CartTJ01
2022,T.J. Carter,CartTJ00
2023,Rodney Williams,WillRo08
2024,Alec Anderson,AndeAl01
2024,Bill Murray,MurrBi00
2024,Bump Cooper,CoopBu00
2024,Cody White,WhitCo05
2024,John Samuel Shenker,ShenJo00
2024,Rodney Williams,WillRo08
2025,Adrian Martinez,MartAd00
2025,Alec Anderson,AndeAl01
2025,CJ Okoye,OkoyCJ00
2025,Cody White,WhitCo05
2025,Gabe Hall,HallGa01
2025,Isaiah Johnson,JohnIs03
2025,Jacoby Jones,JoneJa16
2025,Nathan Carter,CartNa00
